dep_code,dep_nom,annee,suren_depot_nb,source_url,source_millesime
01,Ain,2019,1216,https://webstat.banque-france.fr/fr/catalogue/ifi/IFI.M.D01.SUREN.DEPOT,2019
02,Aisne,2019,2004,https://webstat.banque-france.fr/fr/catalogue/ifi/IFI.M.D02.SUREN.DEPOT,2019
03,Allier,2019,951,https://webstat.banque-france.fr/fr/catalogue/ifi/IFI.M.D03.SUREN.DEPOT,2019
04,Alpes-de-Haute-Provence,2019,357,https://webstat.banque-france.fr/fr/catalogue/ifi/IFI.M.D04.SUREN.DEPOT,2019
05,Hautes-Alpes,2019,267,https://webstat.banque-france.fr/fr/catalogue/ifi/IFI.M.D05.SUREN.DEPOT,2019
06,Alpes-Maritimes,2019,2614,https://webstat.banque-france.fr/fr/catalogue/ifi/IFI.M.D06.SUREN.DEPOT,2019
07,Ardèche,2019,464,https://webstat.banque-france.fr/fr/catalogue/ifi/IFI.M.D07.SUREN.DEPOT,2019
08,Ardennes,2019,631,https://webstat.banque-france.fr/fr/catalogue/ifi/IFI.M.D08.SUREN.DEPOT,2019
09,Ariège,2019,361,https://webstat.banque-france.fr/fr/catalogue/ifi/IFI.M.D09.SUREN.DEPOT,2019
10,Aube,2019,867,https://webstat.banque-france.fr/fr/catalogue/ifi/IFI.M.D10.SUREN.DEPOT,2019
11,Aude,2019,921,https://webstat.banque-france.fr/fr/catalogue/ifi/IFI.M.D11.SUREN.DEPOT,2019
12,Aveyron,2019,401,https://webstat.banque-france.fr/fr/catalogue/ifi/IFI.M.D12.SUREN.DEPOT,2019
13,Bouches-du-Rhône,2019,4996,https://webstat.banque-france.fr/fr/catalogue/ifi/IFI.M.D13.SUREN.DEPOT,2019
14,Calvados,2019,1725,https://webstat.banque-france.fr/fr/catalogue/ifi/IFI.M.D14.SUREN.DEPOT,2019
15,Cantal,2019,253,https://webstat.banque-france.fr/fr/catalogue/ifi/IFI.M.D15.SUREN.DEPOT,2019
16,Charente,2019,881,https://webstat.banque-france.fr/fr/catalogue/ifi/IFI.M.D16.SUREN.DEPOT,2019
17,Charente-Maritime,2019,1618,https://webstat.banque-france.fr/fr/catalogue/ifi/IFI.M.D17.SUREN.DEPOT,2019
18,Cher,2019,975,https://webstat.banque-france.fr/fr/catalogue/ifi/IFI.M.D18.SUREN.DEPOT,2019
19,Corrèze,2019,594,https://webstat.banque-france.fr/fr/catalogue/ifi/IFI.M.D19.SUREN.DEPOT,2019
21,Côte-d'Or,2019,1307,https://webstat.banque-france.fr/fr/catalogue/ifi/IFI.M.D21.SUREN.DEPOT,2019
22,Côtes-d'Armor,2019,1160,https://webstat.banque-france.fr/fr/catalogue/ifi/IFI.M.D22.SUREN.DEPOT,2019
23,Creuse,2019,406,https://webstat.banque-france.fr/fr/catalogue/ifi/IFI.M.D23.SUREN.DEPOT,2019
24,Dordogne,2019,1020,https://webstat.banque-france.fr/fr/catalogue/ifi/IFI.M.D24.SUREN.DEPOT,2019
25,Doubs,2019,1216,https://webstat.banque-france.fr/fr/catalogue/ifi/IFI.M.D25.SUREN.DEPOT,2019
26,Drôme,2019,895,https://webstat.banque-france.fr/fr/catalogue/ifi/IFI.M.D26.SUREN.DEPOT,2019
27,Eure,2019,1827,https://webstat.banque-france.fr/fr/catalogue/ifi/IFI.M.D27.SUREN.DEPOT,2019
28,Eure-et-Loir,2019,1162,https://webstat.banque-france.fr/fr/catalogue/ifi/IFI.M.D28.SUREN.DEPOT,2019
29,Finistère,2019,1668,https://webstat.banque-france.fr/fr/catalogue/ifi/IFI.M.D29.SUREN.DEPOT,2019
2A,Corse-du-Sud,2019,240,https://webstat.banque-france.fr/fr/catalogue/ifi/IFI.M.D2A.SUREN.DEPOT,2019
2B,Haute-Corse,2019,280,https://webstat.banque-france.fr/fr/catalogue/ifi/IFI.M.D2B.SUREN.DEPOT,2019
30,Gard,2019,1378,https://webstat.banque-france.fr/fr/catalogue/ifi/IFI.M.D30.SUREN.DEPOT,2019
31,Haute-Garonne,2019,2592,https://webstat.banque-france.fr/fr/catalogue/ifi/IFI.M.D31.SUREN.DEPOT,2019
32,Gers,2019,420,https://webstat.banque-france.fr/fr/catalogue/ifi/IFI.M.D32.SUREN.DEPOT,2019
33,Gironde,2019,3530,https://webstat.banque-france.fr/fr/catalogue/ifi/IFI.M.D33.SUREN.DEPOT,2019
34,Hérault,2019,2297,https://webstat.banque-france.fr/fr/catalogue/ifi/IFI.M.D34.SUREN.DEPOT,2019
35,Ille-et-Vilaine,2019,1906,https://webstat.banque-france.fr/fr/catalogue/ifi/IFI.M.D35.SUREN.DEPOT,2019
36,Indre,2019,560,https://webstat.banque-france.fr/fr/catalogue/ifi/IFI.M.D36.SUREN.DEPOT,2019
37,Indre-et-Loire,2019,1413,https://webstat.banque-france.fr/fr/catalogue/ifi/IFI.M.D37.SUREN.DEPOT,2019
38,Isère,2019,2611,https://webstat.banque-france.fr/fr/catalogue/ifi/IFI.M.D38.SUREN.DEPOT,2019
39,Jura,2019,610,https://webstat.banque-france.fr/fr/catalogue/ifi/IFI.M.D39.SUREN.DEPOT,2019
40,Landes,2019,866,https://webstat.banque-france.fr/fr/catalogue/ifi/IFI.M.D40.SUREN.DEPOT,2019
41,Loir-et-Cher,2019,729,https://webstat.banque-france.fr/fr/catalogue/ifi/IFI.M.D41.SUREN.DEPOT,2019
42,Loire,2019,1523,https://webstat.banque-france.fr/fr/catalogue/ifi/IFI.M.D42.SUREN.DEPOT,2019
43,Haute-Loire,2019,541,https://webstat.banque-france.fr/fr/catalogue/ifi/IFI.M.D43.SUREN.DEPOT,2019
44,Loire-Atlantique,2019,2071,https://webstat.banque-france.fr/fr/catalogue/ifi/IFI.M.D44.SUREN.DEPOT,2019
45,Loiret,2019,1712,https://webstat.banque-france.fr/fr/catalogue/ifi/IFI.M.D45.SUREN.DEPOT,2019
46,Lot,2019,389,https://webstat.banque-france.fr/fr/catalogue/ifi/IFI.M.D46.SUREN.DEPOT,2019
47,Lot-et-Garonne,2019,1093,https://webstat.banque-france.fr/fr/catalogue/ifi/IFI.M.D47.SUREN.DEPOT,2019
48,Lozère,2019,100,https://webstat.banque-france.fr/fr/catalogue/ifi/IFI.M.D48.SUREN.DEPOT,2019
49,Maine-et-Loire,2019,1518,https://webstat.banque-france.fr/fr/catalogue/ifi/IFI.M.D49.SUREN.DEPOT,2019
50,Manche,2019,1204,https://webstat.banque-france.fr/fr/catalogue/ifi/IFI.M.D50.SUREN.DEPOT,2019
51,Marne,2019,1634,https://webstat.banque-france.fr/fr/catalogue/ifi/IFI.M.D51.SUREN.DEPOT,2019
52,Haute-Marne,2019,504,https://webstat.banque-france.fr/fr/catalogue/ifi/IFI.M.D52.SUREN.DEPOT,2019
53,Mayenne,2019,715,https://webstat.banque-france.fr/fr/catalogue/ifi/IFI.M.D53.SUREN.DEPOT,2019
54,Meurthe-et-Moselle,2019,1767,https://webstat.banque-france.fr/fr/catalogue/ifi/IFI.M.D54.SUREN.DEPOT,2019
55,Meuse,2019,407,https://webstat.banque-france.fr/fr/catalogue/ifi/IFI.M.D55.SUREN.DEPOT,2019
56,Morbihan,2019,1470,https://webstat.banque-france.fr/fr/catalogue/ifi/IFI.M.D56.SUREN.DEPOT,2019
57,Moselle,2019,1745,https://webstat.banque-france.fr/fr/catalogue/ifi/IFI.M.D57.SUREN.DEPOT,2019
58,Nièvre,2019,774,https://webstat.banque-france.fr/fr/catalogue/ifi/IFI.M.D58.SUREN.DEPOT,2019
59,Nord,2019,8848,https://webstat.banque-france.fr/fr/catalogue/ifi/IFI.M.D59.SUREN.DEPOT,2019
60,Oise,2019,2140,https://webstat.banque-france.fr/fr/catalogue/ifi/IFI.M.D60.SUREN.DEPOT,2019
61,Orne,2019,682,https://webstat.banque-france.fr/fr/catalogue/ifi/IFI.M.D61.SUREN.DEPOT,2019
62,Pas-de-Calais,2019,5657,https://webstat.banque-france.fr/fr/catalogue/ifi/IFI.M.D62.SUREN.DEPOT,2019
63,Puy-de-Dôme,2019,1301,https://webstat.banque-france.fr/fr/catalogue/ifi/IFI.M.D63.SUREN.DEPOT,2019
64,Pyrénées-Atlantiques,2019,1332,https://webstat.banque-france.fr/fr/catalogue/ifi/IFI.M.D64.SUREN.DEPOT,2019
65,Hautes-Pyrénées,2019,495,https://webstat.banque-france.fr/fr/catalogue/ifi/IFI.M.D65.SUREN.DEPOT,2019
66,Pyrénées-Orientales,2019,1279,https://webstat.banque-france.fr/fr/catalogue/ifi/IFI.M.D66.SUREN.DEPOT,2019
67,Bas-Rhin,2019,1670,https://webstat.banque-france.fr/fr/catalogue/ifi/IFI.M.D67.SUREN.DEPOT,2019
68,Haut-Rhin,2019,1421,https://webstat.banque-france.fr/fr/catalogue/ifi/IFI.M.D68.SUREN.DEPOT,2019
69,Rhône,2019,3500,https://webstat.banque-france.fr/fr/catalogue/ifi/IFI.M.D69.SUREN.DEPOT,2019
70,Haute-Saône,2019,438,https://webstat.banque-france.fr/fr/catalogue/ifi/IFI.M.D70.SUREN.DEPOT,2019
71,Saône-et-Loire,2019,1380,https://webstat.banque-france.fr/fr/catalogue/ifi/IFI.M.D71.SUREN.DEPOT,2019
72,Sarthe,2019,1568,https://webstat.banque-france.fr/fr/catalogue/ifi/IFI.M.D72.SUREN.DEPOT,2019
73,Savoie,2019,736,https://webstat.banque-france.fr/fr/catalogue/ifi/IFI.M.D73.SUREN.DEPOT,2019
74,Haute-Savoie,2019,1237,https://webstat.banque-france.fr/fr/catalogue/ifi/IFI.M.D74.SUREN.DEPOT,2019
75,Paris,2019,2701,https://webstat.banque-france.fr/fr/catalogue/ifi/IFI.M.D75.SUREN.DEPOT,2019
76,Seine-Maritime,2019,4006,https://webstat.banque-france.fr/fr/catalogue/ifi/IFI.M.D76.SUREN.DEPOT,2019
77,Seine-et-Marne,2019,2729,https://webstat.banque-france.fr/fr/catalogue/ifi/IFI.M.D77.SUREN.DEPOT,2019
78,Yvelines,2019,2500,https://webstat.banque-france.fr/fr/catalogue/ifi/IFI.M.D78.SUREN.DEPOT,2019
79,Deux-Sèvres,2019,900,https://webstat.banque-france.fr/fr/catalogue/ifi/IFI.M.D79.SUREN.DEPOT,2019
80,Somme,2019,1641,https://webstat.banque-france.fr/fr/catalogue/ifi/IFI.M.D80.SUREN.DEPOT,2019
81,Tarn,2019,865,https://webstat.banque-france.fr/fr/catalogue/ifi/IFI.M.D81.SUREN.DEPOT,2019
82,Tarn-et-Garonne,2019,553,https://webstat.banque-france.fr/fr/catalogue/ifi/IFI.M.D82.SUREN.DEPOT,2019
83,Var,2019,2881,https://webstat.banque-france.fr/fr/catalogue/ifi/IFI.M.D83.SUREN.DEPOT,2019
84,Vaucluse,2019,1264,https://webstat.banque-france.fr/fr/catalogue/ifi/IFI.M.D84.SUREN.DEPOT,2019
85,Vendée,2019,1284,https://webstat.banque-france.fr/fr/catalogue/ifi/IFI.M.D85.SUREN.DEPOT,2019
86,Vienne,2019,1021,https://webstat.banque-france.fr/fr/catalogue/ifi/IFI.M.D86.SUREN.DEPOT,2019
87,Haute-Vienne,2019,881,https://webstat.banque-france.fr/fr/catalogue/ifi/IFI.M.D87.SUREN.DEPOT,2019
88,Vosges,2019,1029,https://webstat.banque-france.fr/fr/catalogue/ifi/IFI.M.D88.SUREN.DEPOT,2019
89,Yonne,2019,1057,https://webstat.banque-france.fr/fr/catalogue/ifi/IFI.M.D89.SUREN.DEPOT,2019
90,Territoire de Belfort,2019,413,https://webstat.banque-france.fr/fr/catalogue/ifi/IFI.M.D90.SUREN.DEPOT,2019
91,Essonne,2019,2298,https://webstat.banque-france.fr/fr/catalogue/ifi/IFI.M.D91.SUREN.DEPOT,2019
92,Hauts-de-Seine,2019,2418,https://webstat.banque-france.fr/fr/catalogue/ifi/IFI.M.D92.SUREN.DEPOT,2019
93,Seine-Saint-Denis,2019,2995,https://webstat.banque-france.fr/fr/catalogue/ifi/IFI.M.D93.SUREN.DEPOT,2019
94,Val-de-Marne,2019,2406,https://webstat.banque-france.fr/fr/catalogue/ifi/IFI.M.D94.SUREN.DEPOT,2019
95,Val-d'Oise,2019,2209,https://webstat.banque-france.fr/fr/catalogue/ifi/IFI.M.D95.SUREN.DEPOT,2019
01,Ain,2020,1029,https://webstat.banque-france.fr/fr/catalogue/ifi/IFI.M.D01.SUREN.DEPOT,2020
02,Aisne,2020,1533,https://webstat.banque-france.fr/fr/catalogue/ifi/IFI.M.D02.SUREN.DEPOT,2020
03,Allier,2020,757,https://webstat.banque-france.fr/fr/catalogue/ifi/IFI.M.D03.SUREN.DEPOT,2020
04,Alpes-de-Haute-Provence,2020,302,https://webstat.banque-france.fr/fr/catalogue/ifi/IFI.M.D04.SUREN.DEPOT,2020
05,Hautes-Alpes,2020,235,https://webstat.banque-france.fr/fr/catalogue/ifi/IFI.M.D05.SUREN.DEPOT,2020
06,Alpes-Maritimes,2020,2019,https://webstat.banque-france.fr/fr/catalogue/ifi/IFI.M.D06.SUREN.DEPOT,2020
07,Ardèche,2020,373,https://webstat.banque-france.fr/fr/catalogue/ifi/IFI.M.D07.SUREN.DEPOT,2020
08,Ardennes,2020,503,https://webstat.banque-france.fr/fr/catalogue/ifi/IFI.M.D08.SUREN.DEPOT,2020
09,Ariège,2020,253,https://webstat.banque-france.fr/fr/catalogue/ifi/IFI.M.D09.SUREN.DEPOT,2020
10,Aube,2020,590,https://webstat.banque-france.fr/fr/catalogue/ifi/IFI.M.D10.SUREN.DEPOT,2020
11,Aude,2020,671,https://webstat.banque-france.fr/fr/catalogue/ifi/IFI.M.D11.SUREN.DEPOT,2020
12,Aveyron,2020,295,https://webstat.banque-france.fr/fr/catalogue/ifi/IFI.M.D12.SUREN.DEPOT,2020
13,Bouches-du-Rhône,2020,3546,https://webstat.banque-france.fr/fr/catalogue/ifi/IFI.M.D13.SUREN.DEPOT,2020
14,Calvados,2020,1340,https://webstat.banque-france.fr/fr/catalogue/ifi/IFI.M.D14.SUREN.DEPOT,2020
15,Cantal,2020,198,https://webstat.banque-france.fr/fr/catalogue/ifi/IFI.M.D15.SUREN.DEPOT,2020
16,Charente,2020,625,https://webstat.banque-france.fr/fr/catalogue/ifi/IFI.M.D16.SUREN.DEPOT,2020
17,Charente-Maritime,2020,1221,https://webstat.banque-france.fr/fr/catalogue/ifi/IFI.M.D17.SUREN.DEPOT,2020
18,Cher,2020,684,https://webstat.banque-france.fr/fr/catalogue/ifi/IFI.M.D18.SUREN.DEPOT,2020
19,Corrèze,2020,442,https://webstat.banque-france.fr/fr/catalogue/ifi/IFI.M.D19.SUREN.DEPOT,2020
21,Côte-d'Or,2020,975,https://webstat.banque-france.fr/fr/catalogue/ifi/IFI.M.D21.SUREN.DEPOT,2020
22,Côtes-d'Armor,2020,900,https://webstat.banque-france.fr/fr/catalogue/ifi/IFI.M.D22.SUREN.DEPOT,2020
23,Creuse,2020,308,https://webstat.banque-france.fr/fr/catalogue/ifi/IFI.M.D23.SUREN.DEPOT,2020
24,Dordogne,2020,798,https://webstat.banque-france.fr/fr/catalogue/ifi/IFI.M.D24.SUREN.DEPOT,2020
25,Doubs,2020,966,https://webstat.banque-france.fr/fr/catalogue/ifi/IFI.M.D25.SUREN.DEPOT,2020
26,Drôme,2020,664,https://webstat.banque-france.fr/fr/catalogue/ifi/IFI.M.D26.SUREN.DEPOT,2020
27,Eure,2020,1489,https://webstat.banque-france.fr/fr/catalogue/ifi/IFI.M.D27.SUREN.DEPOT,2020
28,Eure-et-Loir,2020,887,https://webstat.banque-france.fr/fr/catalogue/ifi/IFI.M.D28.SUREN.DEPOT,2020
29,Finistère,2020,1310,https://webstat.banque-france.fr/fr/catalogue/ifi/IFI.M.D29.SUREN.DEPOT,2020
2A,Corse-du-Sud,2020,236,https://webstat.banque-france.fr/fr/catalogue/ifi/IFI.M.D2A.SUREN.DEPOT,2020
2B,Haute-Corse,2020,193,https://webstat.banque-france.fr/fr/catalogue/ifi/IFI.M.D2B.SUREN.DEPOT,2020
30,Gard,2020,1106,https://webstat.banque-france.fr/fr/catalogue/ifi/IFI.M.D30.SUREN.DEPOT,2020
31,Haute-Garonne,2020,1905,https://webstat.banque-france.fr/fr/catalogue/ifi/IFI.M.D31.SUREN.DEPOT,2020
32,Gers,2020,320,https://webstat.banque-france.fr/fr/catalogue/ifi/IFI.M.D32.SUREN.DEPOT,2020
33,Gironde,2020,2602,https://webstat.banque-france.fr/fr/catalogue/ifi/IFI.M.D33.SUREN.DEPOT,2020
34,Hérault,2020,1792,https://webstat.banque-france.fr/fr/catalogue/ifi/IFI.M.D34.SUREN.DEPOT,2020
35,Ille-et-Vilaine,2020,1507,https://webstat.banque-france.fr/fr/catalogue/ifi/IFI.M.D35.SUREN.DEPOT,2020
36,Indre,2020,502,https://webstat.banque-france.fr/fr/catalogue/ifi/IFI.M.D36.SUREN.DEPOT,2020
37,Indre-et-Loire,2020,1102,https://webstat.banque-france.fr/fr/catalogue/ifi/IFI.M.D37.SUREN.DEPOT,2020
38,Isère,2020,1979,https://webstat.banque-france.fr/fr/catalogue/ifi/IFI.M.D38.SUREN.DEPOT,2020
39,Jura,2020,465,https://webstat.banque-france.fr/fr/catalogue/ifi/IFI.M.D39.SUREN.DEPOT,2020
40,Landes,2020,666,https://webstat.banque-france.fr/fr/catalogue/ifi/IFI.M.D40.SUREN.DEPOT,2020
41,Loir-et-Cher,2020,574,https://webstat.banque-france.fr/fr/catalogue/ifi/IFI.M.D41.SUREN.DEPOT,2020
42,Loire,2020,1260,https://webstat.banque-france.fr/fr/catalogue/ifi/IFI.M.D42.SUREN.DEPOT,2020
43,Haute-Loire,2020,421,https://webstat.banque-france.fr/fr/catalogue/ifi/IFI.M.D43.SUREN.DEPOT,2020
44,Loire-Atlantique,2020,1582,https://webstat.banque-france.fr/fr/catalogue/ifi/IFI.M.D44.SUREN.DEPOT,2020
45,Loiret,2020,1321,https://webstat.banque-france.fr/fr/catalogue/ifi/IFI.M.D45.SUREN.DEPOT,2020
46,Lot,2020,297,https://webstat.banque-france.fr/fr/catalogue/ifi/IFI.M.D46.SUREN.DEPOT,2020
47,Lot-et-Garonne,2020,808,https://webstat.banque-france.fr/fr/catalogue/ifi/IFI.M.D47.SUREN.DEPOT,2020
48,Lozère,2020,70,https://webstat.banque-france.fr/fr/catalogue/ifi/IFI.M.D48.SUREN.DEPOT,2020
49,Maine-et-Loire,2020,1138,https://webstat.banque-france.fr/fr/catalogue/ifi/IFI.M.D49.SUREN.DEPOT,2020
50,Manche,2020,889,https://webstat.banque-france.fr/fr/catalogue/ifi/IFI.M.D50.SUREN.DEPOT,2020
51,Marne,2020,1122,https://webstat.banque-france.fr/fr/catalogue/ifi/IFI.M.D51.SUREN.DEPOT,2020
52,Haute-Marne,2020,374,https://webstat.banque-france.fr/fr/catalogue/ifi/IFI.M.D52.SUREN.DEPOT,2020
53,Mayenne,2020,503,https://webstat.banque-france.fr/fr/catalogue/ifi/IFI.M.D53.SUREN.DEPOT,2020
54,Meurthe-et-Moselle,2020,1328,https://webstat.banque-france.fr/fr/catalogue/ifi/IFI.M.D54.SUREN.DEPOT,2020
55,Meuse,2020,320,https://webstat.banque-france.fr/fr/catalogue/ifi/IFI.M.D55.SUREN.DEPOT,2020
56,Morbihan,2020,1096,https://webstat.banque-france.fr/fr/catalogue/ifi/IFI.M.D56.SUREN.DEPOT,2020
57,Moselle,2020,1236,https://webstat.banque-france.fr/fr/catalogue/ifi/IFI.M.D57.SUREN.DEPOT,2020
58,Nièvre,2020,555,https://webstat.banque-france.fr/fr/catalogue/ifi/IFI.M.D58.SUREN.DEPOT,2020
59,Nord,2020,6651,https://webstat.banque-france.fr/fr/catalogue/ifi/IFI.M.D59.SUREN.DEPOT,2020
60,Oise,2020,1650,https://webstat.banque-france.fr/fr/catalogue/ifi/IFI.M.D60.SUREN.DEPOT,2020
61,Orne,2020,599,https://webstat.banque-france.fr/fr/catalogue/ifi/IFI.M.D61.SUREN.DEPOT,2020
62,Pas-de-Calais,2020,4292,https://webstat.banque-france.fr/fr/catalogue/ifi/IFI.M.D62.SUREN.DEPOT,2020
63,Puy-de-Dôme,2020,1024,https://webstat.banque-france.fr/fr/catalogue/ifi/IFI.M.D63.SUREN.DEPOT,2020
64,Pyrénées-Atlantiques,2020,1000,https://webstat.banque-france.fr/fr/catalogue/ifi/IFI.M.D64.SUREN.DEPOT,2020
65,Hautes-Pyrénées,2020,377,https://webstat.banque-france.fr/fr/catalogue/ifi/IFI.M.D65.SUREN.DEPOT,2020
66,Pyrénées-Orientales,2020,1035,https://webstat.banque-france.fr/fr/catalogue/ifi/IFI.M.D66.SUREN.DEPOT,2020
67,Bas-Rhin,2020,1413,https://webstat.banque-france.fr/fr/catalogue/ifi/IFI.M.D67.SUREN.DEPOT,2020
68,Haut-Rhin,2020,1164,https://webstat.banque-france.fr/fr/catalogue/ifi/IFI.M.D68.SUREN.DEPOT,2020
69,Rhône,2020,2569,https://webstat.banque-france.fr/fr/catalogue/ifi/IFI.M.D69.SUREN.DEPOT,2020
70,Haute-Saône,2020,385,https://webstat.banque-france.fr/fr/catalogue/ifi/IFI.M.D70.SUREN.DEPOT,2020
71,Saône-et-Loire,2020,1070,https://webstat.banque-france.fr/fr/catalogue/ifi/IFI.M.D71.SUREN.DEPOT,2020
72,Sarthe,2020,1124,https://webstat.banque-france.fr/fr/catalogue/ifi/IFI.M.D72.SUREN.DEPOT,2020
73,Savoie,2020,528,https://webstat.banque-france.fr/fr/catalogue/ifi/IFI.M.D73.SUREN.DEPOT,2020
74,Haute-Savoie,2020,946,https://webstat.banque-france.fr/fr/catalogue/ifi/IFI.M.D74.SUREN.DEPOT,2020
75,Paris,2020,2043,https://webstat.banque-france.fr/fr/catalogue/ifi/IFI.M.D75.SUREN.DEPOT,2020
76,Seine-Maritime,2020,3205,https://webstat.banque-france.fr/fr/catalogue/ifi/IFI.M.D76.SUREN.DEPOT,2020
77,Seine-et-Marne,2020,2134,https://webstat.banque-france.fr/fr/catalogue/ifi/IFI.M.D77.SUREN.DEPOT,2020
78,Yvelines,2020,1907,https://webstat.banque-france.fr/fr/catalogue/ifi/IFI.M.D78.SUREN.DEPOT,2020
79,Deux-Sèvres,2020,651,https://webstat.banque-france.fr/fr/catalogue/ifi/IFI.M.D79.SUREN.DEPOT,2020
80,Somme,2020,1287,https://webstat.banque-france.fr/fr/catalogue/ifi/IFI.M.D80.SUREN.DEPOT,2020
81,Tarn,2020,597,https://webstat.banque-france.fr/fr/catalogue/ifi/IFI.M.D81.SUREN.DEPOT,2020
82,Tarn-et-Garonne,2020,390,https://webstat.banque-france.fr/fr/catalogue/ifi/IFI.M.D82.SUREN.DEPOT,2020
83,Var,2020,2129,https://webstat.banque-france.fr/fr/catalogue/ifi/IFI.M.D83.SUREN.DEPOT,2020
84,Vaucluse,2020,915,https://webstat.banque-france.fr/fr/catalogue/ifi/IFI.M.D84.SUREN.DEPOT,2020
85,Vendée,2020,978,https://webstat.banque-france.fr/fr/catalogue/ifi/IFI.M.D85.SUREN.DEPOT,2020
86,Vienne,2020,731,https://webstat.banque-france.fr/fr/catalogue/ifi/IFI.M.D86.SUREN.DEPOT,2020
87,Haute-Vienne,2020,682,https://webstat.banque-france.fr/fr/catalogue/ifi/IFI.M.D87.SUREN.DEPOT,2020
88,Vosges,2020,695,https://webstat.banque-france.fr/fr/catalogue/ifi/IFI.M.D88.SUREN.DEPOT,2020
89,Yonne,2020,760,https://webstat.banque-france.fr/fr/catalogue/ifi/IFI.M.D89.SUREN.DEPOT,2020
90,Territoire de Belfort,2020,265,https://webstat.banque-france.fr/fr/catalogue/ifi/IFI.M.D90.SUREN.DEPOT,2020
91,Essonne,2020,1836,https://webstat.banque-france.fr/fr/catalogue/ifi/IFI.M.D91.SUREN.DEPOT,2020
92,Hauts-de-Seine,2020,1780,https://webstat.banque-france.fr/fr/catalogue/ifi/IFI.M.D92.SUREN.DEPOT,2020
93,Seine-Saint-Denis,2020,2314,https://webstat.banque-france.fr/fr/catalogue/ifi/IFI.M.D93.SUREN.DEPOT,2020
94,Val-de-Marne,2020,1852,https://webstat.banque-france.fr/fr/catalogue/ifi/IFI.M.D94.SUREN.DEPOT,2020
95,Val-d'Oise,2020,1588,https://webstat.banque-france.fr/fr/catalogue/ifi/IFI.M.D95.SUREN.DEPOT,2020
01,Ain,2021,1133,https://webstat.banque-france.fr/fr/catalogue/ifi/IFI.M.D01.SUREN.DEPOT,2021
02,Aisne,2021,1815,https://webstat.banque-france.fr/fr/catalogue/ifi/IFI.M.D02.SUREN.DEPOT,2021
03,Allier,2021,846,https://webstat.banque-france.fr/fr/catalogue/ifi/IFI.M.D03.SUREN.DEPOT,2021
04,Alpes-de-Haute-Provence,2021,310,https://webstat.banque-france.fr/fr/catalogue/ifi/IFI.M.D04.SUREN.DEPOT,2021
05,Hautes-Alpes,2021,203,https://webstat.banque-france.fr/fr/catalogue/ifi/IFI.M.D05.SUREN.DEPOT,2021
06,Alpes-Maritimes,2021,2288,https://webstat.banque-france.fr/fr/catalogue/ifi/IFI.M.D06.SUREN.DEPOT,2021
07,Ardèche,2021,403,https://webstat.banque-france.fr/fr/catalogue/ifi/IFI.M.D07.SUREN.DEPOT,2021
08,Ardennes,2021,539,https://webstat.banque-france.fr/fr/catalogue/ifi/IFI.M.D08.SUREN.DEPOT,2021
09,Ariège,2021,298,https://webstat.banque-france.fr/fr/catalogue/ifi/IFI.M.D09.SUREN.DEPOT,2021
10,Aube,2021,610,https://webstat.banque-france.fr/fr/catalogue/ifi/IFI.M.D10.SUREN.DEPOT,2021
11,Aude,2021,825,https://webstat.banque-france.fr/fr/catalogue/ifi/IFI.M.D11.SUREN.DEPOT,2021
12,Aveyron,2021,348,https://webstat.banque-france.fr/fr/catalogue/ifi/IFI.M.D12.SUREN.DEPOT,2021
13,Bouches-du-Rhône,2021,3919,https://webstat.banque-france.fr/fr/catalogue/ifi/IFI.M.D13.SUREN.DEPOT,2021
14,Calvados,2021,1387,https://webstat.banque-france.fr/fr/catalogue/ifi/IFI.M.D14.SUREN.DEPOT,2021
15,Cantal,2021,208,https://webstat.banque-france.fr/fr/catalogue/ifi/IFI.M.D15.SUREN.DEPOT,2021
16,Charente,2021,717,https://webstat.banque-france.fr/fr/catalogue/ifi/IFI.M.D16.SUREN.DEPOT,2021
17,Charente-Maritime,2021,1327,https://webstat.banque-france.fr/fr/catalogue/ifi/IFI.M.D17.SUREN.DEPOT,2021
18,Cher,2021,801,https://webstat.banque-france.fr/fr/catalogue/ifi/IFI.M.D18.SUREN.DEPOT,2021
19,Corrèze,2021,477,https://webstat.banque-france.fr/fr/catalogue/ifi/IFI.M.D19.SUREN.DEPOT,2021
21,Côte-d'Or,2021,1061,https://webstat.banque-france.fr/fr/catalogue/ifi/IFI.M.D21.SUREN.DEPOT,2021
22,Côtes-d'Armor,2021,945,https://webstat.banque-france.fr/fr/catalogue/ifi/IFI.M.D22.SUREN.DEPOT,2021
23,Creuse,2021,327,https://webstat.banque-france.fr/fr/catalogue/ifi/IFI.M.D23.SUREN.DEPOT,2021
24,Dordogne,2021,856,https://webstat.banque-france.fr/fr/catalogue/ifi/IFI.M.D24.SUREN.DEPOT,2021
25,Doubs,2021,1081,https://webstat.banque-france.fr/fr/catalogue/ifi/IFI.M.D25.SUREN.DEPOT,2021
26,Drôme,2021,792,https://webstat.banque-france.fr/fr/catalogue/ifi/IFI.M.D26.SUREN.DEPOT,2021
27,Eure,2021,1659,https://webstat.banque-france.fr/fr/catalogue/ifi/IFI.M.D27.SUREN.DEPOT,2021
28,Eure-et-Loir,2021,1107,https://webstat.banque-france.fr/fr/catalogue/ifi/IFI.M.D28.SUREN.DEPOT,2021
29,Finistère,2021,1261,https://webstat.banque-france.fr/fr/catalogue/ifi/IFI.M.D29.SUREN.DEPOT,2021
2A,Corse-du-Sud,2021,270,https://webstat.banque-france.fr/fr/catalogue/ifi/IFI.M.D2A.SUREN.DEPOT,2021
2B,Haute-Corse,2021,262,https://webstat.banque-france.fr/fr/catalogue/ifi/IFI.M.D2B.SUREN.DEPOT,2021
30,Gard,2021,1266,https://webstat.banque-france.fr/fr/catalogue/ifi/IFI.M.D30.SUREN.DEPOT,2021
31,Haute-Garonne,2021,2211,https://webstat.banque-france.fr/fr/catalogue/ifi/IFI.M.D31.SUREN.DEPOT,2021
32,Gers,2021,325,https://webstat.banque-france.fr/fr/catalogue/ifi/IFI.M.D32.SUREN.DEPOT,2021
33,Gironde,2021,2973,https://webstat.banque-france.fr/fr/catalogue/ifi/IFI.M.D33.SUREN.DEPOT,2021
34,Hérault,2021,2055,https://webstat.banque-france.fr/fr/catalogue/ifi/IFI.M.D34.SUREN.DEPOT,2021
35,Ille-et-Vilaine,2021,1618,https://webstat.banque-france.fr/fr/catalogue/ifi/IFI.M.D35.SUREN.DEPOT,2021
36,Indre,2021,603,https://webstat.banque-france.fr/fr/catalogue/ifi/IFI.M.D36.SUREN.DEPOT,2021
37,Indre-et-Loire,2021,1138,https://webstat.banque-france.fr/fr/catalogue/ifi/IFI.M.D37.SUREN.DEPOT,2021
38,Isère,2021,2056,https://webstat.banque-france.fr/fr/catalogue/ifi/IFI.M.D38.SUREN.DEPOT,2021
39,Jura,2021,555,https://webstat.banque-france.fr/fr/catalogue/ifi/IFI.M.D39.SUREN.DEPOT,2021
40,Landes,2021,749,https://webstat.banque-france.fr/fr/catalogue/ifi/IFI.M.D40.SUREN.DEPOT,2021
41,Loir-et-Cher,2021,605,https://webstat.banque-france.fr/fr/catalogue/ifi/IFI.M.D41.SUREN.DEPOT,2021
42,Loire,2021,1431,https://webstat.banque-france.fr/fr/catalogue/ifi/IFI.M.D42.SUREN.DEPOT,2021
43,Haute-Loire,2021,419,https://webstat.banque-france.fr/fr/catalogue/ifi/IFI.M.D43.SUREN.DEPOT,2021
44,Loire-Atlantique,2021,1685,https://webstat.banque-france.fr/fr/catalogue/ifi/IFI.M.D44.SUREN.DEPOT,2021
45,Loiret,2021,1408,https://webstat.banque-france.fr/fr/catalogue/ifi/IFI.M.D45.SUREN.DEPOT,2021
46,Lot,2021,282,https://webstat.banque-france.fr/fr/catalogue/ifi/IFI.M.D46.SUREN.DEPOT,2021
47,Lot-et-Garonne,2021,805,https://webstat.banque-france.fr/fr/catalogue/ifi/IFI.M.D47.SUREN.DEPOT,2021
48,Lozère,2021,80,https://webstat.banque-france.fr/fr/catalogue/ifi/IFI.M.D48.SUREN.DEPOT,2021
49,Maine-et-Loire,2021,1132,https://webstat.banque-france.fr/fr/catalogue/ifi/IFI.M.D49.SUREN.DEPOT,2021
50,Manche,2021,986,https://webstat.banque-france.fr/fr/catalogue/ifi/IFI.M.D50.SUREN.DEPOT,2021
51,Marne,2021,1286,https://webstat.banque-france.fr/fr/catalogue/ifi/IFI.M.D51.SUREN.DEPOT,2021
52,Haute-Marne,2021,412,https://webstat.banque-france.fr/fr/catalogue/ifi/IFI.M.D52.SUREN.DEPOT,2021
53,Mayenne,2021,626,https://webstat.banque-france.fr/fr/catalogue/ifi/IFI.M.D53.SUREN.DEPOT,2021
54,Meurthe-et-Moselle,2021,1374,https://webstat.banque-france.fr/fr/catalogue/ifi/IFI.M.D54.SUREN.DEPOT,2021
55,Meuse,2021,396,https://webstat.banque-france.fr/fr/catalogue/ifi/IFI.M.D55.SUREN.DEPOT,2021
56,Morbihan,2021,1063,https://webstat.banque-france.fr/fr/catalogue/ifi/IFI.M.D56.SUREN.DEPOT,2021
57,Moselle,2021,1461,https://webstat.banque-france.fr/fr/catalogue/ifi/IFI.M.D57.SUREN.DEPOT,2021
58,Nièvre,2021,552,https://webstat.banque-france.fr/fr/catalogue/ifi/IFI.M.D58.SUREN.DEPOT,2021
59,Nord,2021,7302,https://webstat.banque-france.fr/fr/catalogue/ifi/IFI.M.D59.SUREN.DEPOT,2021
60,Oise,2021,1785,https://webstat.banque-france.fr/fr/catalogue/ifi/IFI.M.D60.SUREN.DEPOT,2021
61,Orne,2021,646,https://webstat.banque-france.fr/fr/catalogue/ifi/IFI.M.D61.SUREN.DEPOT,2021
62,Pas-de-Calais,2021,4839,https://webstat.banque-france.fr/fr/catalogue/ifi/IFI.M.D62.SUREN.DEPOT,2021
63,Puy-de-Dôme,2021,1038,https://webstat.banque-france.fr/fr/catalogue/ifi/IFI.M.D63.SUREN.DEPOT,2021
64,Pyrénées-Atlantiques,2021,1128,https://webstat.banque-france.fr/fr/catalogue/ifi/IFI.M.D64.SUREN.DEPOT,2021
65,Hautes-Pyrénées,2021,404,https://webstat.banque-france.fr/fr/catalogue/ifi/IFI.M.D65.SUREN.DEPOT,2021
66,Pyrénées-Orientales,2021,1099,https://webstat.banque-france.fr/fr/catalogue/ifi/IFI.M.D66.SUREN.DEPOT,2021
67,Bas-Rhin,2021,1372,https://webstat.banque-france.fr/fr/catalogue/ifi/IFI.M.D67.SUREN.DEPOT,2021
68,Haut-Rhin,2021,1362,https://webstat.banque-france.fr/fr/catalogue/ifi/IFI.M.D68.SUREN.DEPOT,2021
69,Rhône,2021,2741,https://webstat.banque-france.fr/fr/catalogue/ifi/IFI.M.D69.SUREN.DEPOT,2021
70,Haute-Saône,2021,427,https://webstat.banque-france.fr/fr/catalogue/ifi/IFI.M.D70.SUREN.DEPOT,2021
71,Saône-et-Loire,2021,1153,https://webstat.banque-france.fr/fr/catalogue/ifi/IFI.M.D71.SUREN.DEPOT,2021
72,Sarthe,2021,1280,https://webstat.banque-france.fr/fr/catalogue/ifi/IFI.M.D72.SUREN.DEPOT,2021
73,Savoie,2021,577,https://webstat.banque-france.fr/fr/catalogue/ifi/IFI.M.D73.SUREN.DEPOT,2021
74,Haute-Savoie,2021,1073,https://webstat.banque-france.fr/fr/catalogue/ifi/IFI.M.D74.SUREN.DEPOT,2021
75,Paris,2021,2610,https://webstat.banque-france.fr/fr/catalogue/ifi/IFI.M.D75.SUREN.DEPOT,2021
76,Seine-Maritime,2021,3619,https://webstat.banque-france.fr/fr/catalogue/ifi/IFI.M.D76.SUREN.DEPOT,2021
77,Seine-et-Marne,2021,2472,https://webstat.banque-france.fr/fr/catalogue/ifi/IFI.M.D77.SUREN.DEPOT,2021
78,Yvelines,2021,2133,https://webstat.banque-france.fr/fr/catalogue/ifi/IFI.M.D78.SUREN.DEPOT,2021
79,Deux-Sèvres,2021,741,https://webstat.banque-france.fr/fr/catalogue/ifi/IFI.M.D79.SUREN.DEPOT,2021
80,Somme,2021,1489,https://webstat.banque-france.fr/fr/catalogue/ifi/IFI.M.D80.SUREN.DEPOT,2021
81,Tarn,2021,684,https://webstat.banque-france.fr/fr/catalogue/ifi/IFI.M.D81.SUREN.DEPOT,2021
82,Tarn-et-Garonne,2021,429,https://webstat.banque-france.fr/fr/catalogue/ifi/IFI.M.D82.SUREN.DEPOT,2021
83,Var,2021,2251,https://webstat.banque-france.fr/fr/catalogue/ifi/IFI.M.D83.SUREN.DEPOT,2021
84,Vaucluse,2021,959,https://webstat.banque-france.fr/fr/catalogue/ifi/IFI.M.D84.SUREN.DEPOT,2021
85,Vendée,2021,1001,https://webstat.banque-france.fr/fr/catalogue/ifi/IFI.M.D85.SUREN.DEPOT,2021
86,Vienne,2021,841,https://webstat.banque-france.fr/fr/catalogue/ifi/IFI.M.D86.SUREN.DEPOT,2021
87,Haute-Vienne,2021,685,https://webstat.banque-france.fr/fr/catalogue/ifi/IFI.M.D87.SUREN.DEPOT,2021
88,Vosges,2021,875,https://webstat.banque-france.fr/fr/catalogue/ifi/IFI.M.D88.SUREN.DEPOT,2021
89,Yonne,2021,874,https://webstat.banque-france.fr/fr/catalogue/ifi/IFI.M.D89.SUREN.DEPOT,2021
90,Territoire de Belfort,2021,343,https://webstat.banque-france.fr/fr/catalogue/ifi/IFI.M.D90.SUREN.DEPOT,2021
91,Essonne,2021,2214,https://webstat.banque-france.fr/fr/catalogue/ifi/IFI.M.D91.SUREN.DEPOT,2021
92,Hauts-de-Seine,2021,2067,https://webstat.banque-france.fr/fr/catalogue/ifi/IFI.M.D92.SUREN.DEPOT,2021
93,Seine-Saint-Denis,2021,2772,https://webstat.banque-france.fr/fr/catalogue/ifi/IFI.M.D93.SUREN.DEPOT,2021
94,Val-de-Marne,2021,2185,https://webstat.banque-france.fr/fr/catalogue/ifi/IFI.M.D94.SUREN.DEPOT,2021
95,Val-d'Oise,2021,1878,https://webstat.banque-france.fr/fr/catalogue/ifi/IFI.M.D95.SUREN.DEPOT,2021
01,Ain,2022,951,https://webstat.banque-france.fr/fr/catalogue/ifi/IFI.M.D01.SUREN.DEPOT,2022
02,Aisne,2022,1674,https://webstat.banque-france.fr/fr/catalogue/ifi/IFI.M.D02.SUREN.DEPOT,2022
03,Allier,2022,778,https://webstat.banque-france.fr/fr/catalogue/ifi/IFI.M.D03.SUREN.DEPOT,2022
04,Alpes-de-Haute-Provence,2022,281,https://webstat.banque-france.fr/fr/catalogue/ifi/IFI.M.D04.SUREN.DEPOT,2022
05,Hautes-Alpes,2022,197,https://webstat.banque-france.fr/fr/catalogue/ifi/IFI.M.D05.SUREN.DEPOT,2022
06,Alpes-Maritimes,2022,2053,https://webstat.banque-france.fr/fr/catalogue/ifi/IFI.M.D06.SUREN.DEPOT,2022
07,Ardèche,2022,364,https://webstat.banque-france.fr/fr/catalogue/ifi/IFI.M.D07.SUREN.DEPOT,2022
08,Ardennes,2022,476,https://webstat.banque-france.fr/fr/catalogue/ifi/IFI.M.D08.SUREN.DEPOT,2022
09,Ariège,2022,296,https://webstat.banque-france.fr/fr/catalogue/ifi/IFI.M.D09.SUREN.DEPOT,2022
10,Aube,2022,618,https://webstat.banque-france.fr/fr/catalogue/ifi/IFI.M.D10.SUREN.DEPOT,2022
11,Aude,2022,822,https://webstat.banque-france.fr/fr/catalogue/ifi/IFI.M.D11.SUREN.DEPOT,2022
12,Aveyron,2022,306,https://webstat.banque-france.fr/fr/catalogue/ifi/IFI.M.D12.SUREN.DEPOT,2022
13,Bouches-du-Rhône,2022,3652,https://webstat.banque-france.fr/fr/catalogue/ifi/IFI.M.D13.SUREN.DEPOT,2022
14,Calvados,2022,1269,https://webstat.banque-france.fr/fr/catalogue/ifi/IFI.M.D14.SUREN.DEPOT,2022
15,Cantal,2022,180,https://webstat.banque-france.fr/fr/catalogue/ifi/IFI.M.D15.SUREN.DEPOT,2022
16,Charente,2022,708,https://webstat.banque-france.fr/fr/catalogue/ifi/IFI.M.D16.SUREN.DEPOT,2022
17,Charente-Maritime,2022,1171,https://webstat.banque-france.fr/fr/catalogue/ifi/IFI.M.D17.SUREN.DEPOT,2022
18,Cher,2022,656,https://webstat.banque-france.fr/fr/catalogue/ifi/IFI.M.D18.SUREN.DEPOT,2022
19,Corrèze,2022,426,https://webstat.banque-france.fr/fr/catalogue/ifi/IFI.M.D19.SUREN.DEPOT,2022
21,Côte-d'Or,2022,958,https://webstat.banque-france.fr/fr/catalogue/ifi/IFI.M.D21.SUREN.DEPOT,2022
22,Côtes-d'Armor,2022,844,https://webstat.banque-france.fr/fr/catalogue/ifi/IFI.M.D22.SUREN.DEPOT,2022
23,Creuse,2022,295,https://webstat.banque-france.fr/fr/catalogue/ifi/IFI.M.D23.SUREN.DEPOT,2022
24,Dordogne,2022,803,https://webstat.banque-france.fr/fr/catalogue/ifi/IFI.M.D24.SUREN.DEPOT,2022
25,Doubs,2022,957,https://webstat.banque-france.fr/fr/catalogue/ifi/IFI.M.D25.SUREN.DEPOT,2022
26,Drôme,2022,752,https://webstat.banque-france.fr/fr/catalogue/ifi/IFI.M.D26.SUREN.DEPOT,2022
27,Eure,2022,1468,https://webstat.banque-france.fr/fr/catalogue/ifi/IFI.M.D27.SUREN.DEPOT,2022
28,Eure-et-Loir,2022,1007,https://webstat.banque-france.fr/fr/catalogue/ifi/IFI.M.D28.SUREN.DEPOT,2022
29,Finistère,2022,1131,https://webstat.banque-france.fr/fr/catalogue/ifi/IFI.M.D29.SUREN.DEPOT,2022
2A,Corse-du-Sud,2022,262,https://webstat.banque-france.fr/fr/catalogue/ifi/IFI.M.D2A.SUREN.DEPOT,2022
2B,Haute-Corse,2022,261,https://webstat.banque-france.fr/fr/catalogue/ifi/IFI.M.D2B.SUREN.DEPOT,2022
30,Gard,2022,1229,https://webstat.banque-france.fr/fr/catalogue/ifi/IFI.M.D30.SUREN.DEPOT,2022
31,Haute-Garonne,2022,2222,https://webstat.banque-france.fr/fr/catalogue/ifi/IFI.M.D31.SUREN.DEPOT,2022
32,Gers,2022,314,https://webstat.banque-france.fr/fr/catalogue/ifi/IFI.M.D32.SUREN.DEPOT,2022
33,Gironde,2022,2920,https://webstat.banque-france.fr/fr/catalogue/ifi/IFI.M.D33.SUREN.DEPOT,2022
34,Hérault,2022,1995,https://webstat.banque-france.fr/fr/catalogue/ifi/IFI.M.D34.SUREN.DEPOT,2022
35,Ille-et-Vilaine,2022,1405,https://webstat.banque-france.fr/fr/catalogue/ifi/IFI.M.D35.SUREN.DEPOT,2022
36,Indre,2022,544,https://webstat.banque-france.fr/fr/catalogue/ifi/IFI.M.D36.SUREN.DEPOT,2022
37,Indre-et-Loire,2022,1116,https://webstat.banque-france.fr/fr/catalogue/ifi/IFI.M.D37.SUREN.DEPOT,2022
38,Isère,2022,1820,https://webstat.banque-france.fr/fr/catalogue/ifi/IFI.M.D38.SUREN.DEPOT,2022
39,Jura,2022,483,https://webstat.banque-france.fr/fr/catalogue/ifi/IFI.M.D39.SUREN.DEPOT,2022
40,Landes,2022,683,https://webstat.banque-france.fr/fr/catalogue/ifi/IFI.M.D40.SUREN.DEPOT,2022
41,Loir-et-Cher,2022,558,https://webstat.banque-france.fr/fr/catalogue/ifi/IFI.M.D41.SUREN.DEPOT,2022
42,Loire,2022,1318,https://webstat.banque-france.fr/fr/catalogue/ifi/IFI.M.D42.SUREN.DEPOT,2022
43,Haute-Loire,2022,380,https://webstat.banque-france.fr/fr/catalogue/ifi/IFI.M.D43.SUREN.DEPOT,2022
44,Loire-Atlantique,2022,1571,https://webstat.banque-france.fr/fr/catalogue/ifi/IFI.M.D44.SUREN.DEPOT,2022
45,Loiret,2022,1336,https://webstat.banque-france.fr/fr/catalogue/ifi/IFI.M.D45.SUREN.DEPOT,2022
46,Lot,2022,277,https://webstat.banque-france.fr/fr/catalogue/ifi/IFI.M.D46.SUREN.DEPOT,2022
47,Lot-et-Garonne,2022,813,https://webstat.banque-france.fr/fr/catalogue/ifi/IFI.M.D47.SUREN.DEPOT,2022
48,Lozère,2022,80,https://webstat.banque-france.fr/fr/catalogue/ifi/IFI.M.D48.SUREN.DEPOT,2022
49,Maine-et-Loire,2022,1117,https://webstat.banque-france.fr/fr/catalogue/ifi/IFI.M.D49.SUREN.DEPOT,2022
50,Manche,2022,886,https://webstat.banque-france.fr/fr/catalogue/ifi/IFI.M.D50.SUREN.DEPOT,2022
51,Marne,2022,1151,https://webstat.banque-france.fr/fr/catalogue/ifi/IFI.M.D51.SUREN.DEPOT,2022
52,Haute-Marne,2022,420,https://webstat.banque-france.fr/fr/catalogue/ifi/IFI.M.D52.SUREN.DEPOT,2022
53,Mayenne,2022,488,https://webstat.banque-france.fr/fr/catalogue/ifi/IFI.M.D53.SUREN.DEPOT,2022
54,Meurthe-et-Moselle,2022,1385,https://webstat.banque-france.fr/fr/catalogue/ifi/IFI.M.D54.SUREN.DEPOT,2022
55,Meuse,2022,336,https://webstat.banque-france.fr/fr/catalogue/ifi/IFI.M.D55.SUREN.DEPOT,2022
56,Morbihan,2022,1010,https://webstat.banque-france.fr/fr/catalogue/ifi/IFI.M.D56.SUREN.DEPOT,2022
57,Moselle,2022,1460,https://webstat.banque-france.fr/fr/catalogue/ifi/IFI.M.D57.SUREN.DEPOT,2022
58,Nièvre,2022,575,https://webstat.banque-france.fr/fr/catalogue/ifi/IFI.M.D58.SUREN.DEPOT,2022
59,Nord,2022,7101,https://webstat.banque-france.fr/fr/catalogue/ifi/IFI.M.D59.SUREN.DEPOT,2022
60,Oise,2022,1684,https://webstat.banque-france.fr/fr/catalogue/ifi/IFI.M.D60.SUREN.DEPOT,2022
61,Orne,2022,578,https://webstat.banque-france.fr/fr/catalogue/ifi/IFI.M.D61.SUREN.DEPOT,2022
62,Pas-de-Calais,2022,4393,https://webstat.banque-france.fr/fr/catalogue/ifi/IFI.M.D62.SUREN.DEPOT,2022
63,Puy-de-Dôme,2022,942,https://webstat.banque-france.fr/fr/catalogue/ifi/IFI.M.D63.SUREN.DEPOT,2022
64,Pyrénées-Atlantiques,2022,1017,https://webstat.banque-france.fr/fr/catalogue/ifi/IFI.M.D64.SUREN.DEPOT,2022
65,Hautes-Pyrénées,2022,391,https://webstat.banque-france.fr/fr/catalogue/ifi/IFI.M.D65.SUREN.DEPOT,2022
66,Pyrénées-Orientales,2022,958,https://webstat.banque-france.fr/fr/catalogue/ifi/IFI.M.D66.SUREN.DEPOT,2022
67,Bas-Rhin,2022,1358,https://webstat.banque-france.fr/fr/catalogue/ifi/IFI.M.D67.SUREN.DEPOT,2022
68,Haut-Rhin,2022,1257,https://webstat.banque-france.fr/fr/catalogue/ifi/IFI.M.D68.SUREN.DEPOT,2022
69,Rhône,2022,2702,https://webstat.banque-france.fr/fr/catalogue/ifi/IFI.M.D69.SUREN.DEPOT,2022
70,Haute-Saône,2022,451,https://webstat.banque-france.fr/fr/catalogue/ifi/IFI.M.D70.SUREN.DEPOT,2022
71,Saône-et-Loire,2022,1196,https://webstat.banque-france.fr/fr/catalogue/ifi/IFI.M.D71.SUREN.DEPOT,2022
72,Sarthe,2022,1178,https://webstat.banque-france.fr/fr/catalogue/ifi/IFI.M.D72.SUREN.DEPOT,2022
73,Savoie,2022,514,https://webstat.banque-france.fr/fr/catalogue/ifi/IFI.M.D73.SUREN.DEPOT,2022
74,Haute-Savoie,2022,902,https://webstat.banque-france.fr/fr/catalogue/ifi/IFI.M.D74.SUREN.DEPOT,2022
75,Paris,2022,2492,https://webstat.banque-france.fr/fr/catalogue/ifi/IFI.M.D75.SUREN.DEPOT,2022
76,Seine-Maritime,2022,3274,https://webstat.banque-france.fr/fr/catalogue/ifi/IFI.M.D76.SUREN.DEPOT,2022
77,Seine-et-Marne,2022,2206,https://webstat.banque-france.fr/fr/catalogue/ifi/IFI.M.D77.SUREN.DEPOT,2022
78,Yvelines,2022,1962,https://webstat.banque-france.fr/fr/catalogue/ifi/IFI.M.D78.SUREN.DEPOT,2022
79,Deux-Sèvres,2022,719,https://webstat.banque-france.fr/fr/catalogue/ifi/IFI.M.D79.SUREN.DEPOT,2022
80,Somme,2022,1431,https://webstat.banque-france.fr/fr/catalogue/ifi/IFI.M.D80.SUREN.DEPOT,2022
81,Tarn,2022,657,https://webstat.banque-france.fr/fr/catalogue/ifi/IFI.M.D81.SUREN.DEPOT,2022
82,Tarn-et-Garonne,2022,438,https://webstat.banque-france.fr/fr/catalogue/ifi/IFI.M.D82.SUREN.DEPOT,2022
83,Var,2022,2331,https://webstat.banque-france.fr/fr/catalogue/ifi/IFI.M.D83.SUREN.DEPOT,2022
84,Vaucluse,2022,854,https://webstat.banque-france.fr/fr/catalogue/ifi/IFI.M.D84.SUREN.DEPOT,2022
85,Vendée,2022,888,https://webstat.banque-france.fr/fr/catalogue/ifi/IFI.M.D85.SUREN.DEPOT,2022
86,Vienne,2022,746,https://webstat.banque-france.fr/fr/catalogue/ifi/IFI.M.D86.SUREN.DEPOT,2022
87,Haute-Vienne,2022,708,https://webstat.banque-france.fr/fr/catalogue/ifi/IFI.M.D87.SUREN.DEPOT,2022
88,Vosges,2022,850,https://webstat.banque-france.fr/fr/catalogue/ifi/IFI.M.D88.SUREN.DEPOT,2022
89,Yonne,2022,820,https://webstat.banque-france.fr/fr/catalogue/ifi/IFI.M.D89.SUREN.DEPOT,2022
90,Territoire de Belfort,2022,317,https://webstat.banque-france.fr/fr/catalogue/ifi/IFI.M.D90.SUREN.DEPOT,2022
91,Essonne,2022,2082,https://webstat.banque-france.fr/fr/catalogue/ifi/IFI.M.D91.SUREN.DEPOT,2022
92,Hauts-de-Seine,2022,1850,https://webstat.banque-france.fr/fr/catalogue/ifi/IFI.M.D92.SUREN.DEPOT,2022
93,Seine-Saint-Denis,2022,2613,https://webstat.banque-france.fr/fr/catalogue/ifi/IFI.M.D93.SUREN.DEPOT,2022
94,Val-de-Marne,2022,1978,https://webstat.banque-france.fr/fr/catalogue/ifi/IFI.M.D94.SUREN.DEPOT,2022
95,Val-d'Oise,2022,1736,https://webstat.banque-france.fr/fr/catalogue/ifi/IFI.M.D95.SUREN.DEPOT,2022
01,Ain,2023,1109,https://webstat.banque-france.fr/fr/catalogue/ifi/IFI.M.D01.SUREN.DEPOT,2023
02,Aisne,2023,1899,https://webstat.banque-france.fr/fr/catalogue/ifi/IFI.M.D02.SUREN.DEPOT,2023
03,Allier,2023,850,https://webstat.banque-france.fr/fr/catalogue/ifi/IFI.M.D03.SUREN.DEPOT,2023
04,Alpes-de-Haute-Provence,2023,294,https://webstat.banque-france.fr/fr/catalogue/ifi/IFI.M.D04.SUREN.DEPOT,2023
05,Hautes-Alpes,2023,204,https://webstat.banque-france.fr/fr/catalogue/ifi/IFI.M.D05.SUREN.DEPOT,2023
06,Alpes-Maritimes,2023,1952,https://webstat.banque-france.fr/fr/catalogue/ifi/IFI.M.D06.SUREN.DEPOT,2023
07,Ardèche,2023,445,https://webstat.banque-france.fr/fr/catalogue/ifi/IFI.M.D07.SUREN.DEPOT,2023
08,Ardennes,2023,561,https://webstat.banque-france.fr/fr/catalogue/ifi/IFI.M.D08.SUREN.DEPOT,2023
09,Ariège,2023,312,https://webstat.banque-france.fr/fr/catalogue/ifi/IFI.M.D09.SUREN.DEPOT,2023
10,Aube,2023,688,https://webstat.banque-france.fr/fr/catalogue/ifi/IFI.M.D10.SUREN.DEPOT,2023
11,Aude,2023,845,https://webstat.banque-france.fr/fr/catalogue/ifi/IFI.M.D11.SUREN.DEPOT,2023
12,Aveyron,2023,338,https://webstat.banque-france.fr/fr/catalogue/ifi/IFI.M.D12.SUREN.DEPOT,2023
13,Bouches-du-Rhône,2023,3877,https://webstat.banque-france.fr/fr/catalogue/ifi/IFI.M.D13.SUREN.DEPOT,2023
14,Calvados,2023,1328,https://webstat.banque-france.fr/fr/catalogue/ifi/IFI.M.D14.SUREN.DEPOT,2023
15,Cantal,2023,219,https://webstat.banque-france.fr/fr/catalogue/ifi/IFI.M.D15.SUREN.DEPOT,2023
16,Charente,2023,761,https://webstat.banque-france.fr/fr/catalogue/ifi/IFI.M.D16.SUREN.DEPOT,2023
17,Charente-Maritime,2023,1192,https://webstat.banque-france.fr/fr/catalogue/ifi/IFI.M.D17.SUREN.DEPOT,2023
18,Cher,2023,695,https://webstat.banque-france.fr/fr/catalogue/ifi/IFI.M.D18.SUREN.DEPOT,2023
19,Corrèze,2023,446,https://webstat.banque-france.fr/fr/catalogue/ifi/IFI.M.D19.SUREN.DEPOT,2023
21,Côte-d'Or,2023,1094,https://webstat.banque-france.fr/fr/catalogue/ifi/IFI.M.D21.SUREN.DEPOT,2023
22,Côtes-d'Armor,2023,934,https://webstat.banque-france.fr/fr/catalogue/ifi/IFI.M.D22.SUREN.DEPOT,2023
23,Creuse,2023,326,https://webstat.banque-france.fr/fr/catalogue/ifi/IFI.M.D23.SUREN.DEPOT,2023
24,Dordogne,2023,875,https://webstat.banque-france.fr/fr/catalogue/ifi/IFI.M.D24.SUREN.DEPOT,2023
25,Doubs,2023,1002,https://webstat.banque-france.fr/fr/catalogue/ifi/IFI.M.D25.SUREN.DEPOT,2023
26,Drôme,2023,827,https://webstat.banque-france.fr/fr/catalogue/ifi/IFI.M.D26.SUREN.DEPOT,2023
27,Eure,2023,1487,https://webstat.banque-france.fr/fr/catalogue/ifi/IFI.M.D27.SUREN.DEPOT,2023
28,Eure-et-Loir,2023,1050,https://webstat.banque-france.fr/fr/catalogue/ifi/IFI.M.D28.SUREN.DEPOT,2023
29,Finistère,2023,1214,https://webstat.banque-france.fr/fr/catalogue/ifi/IFI.M.D29.SUREN.DEPOT,2023
2A,Corse-du-Sud,2023,293,https://webstat.banque-france.fr/fr/catalogue/ifi/IFI.M.D2A.SUREN.DEPOT,2023
2B,Haute-Corse,2023,296,https://webstat.banque-france.fr/fr/catalogue/ifi/IFI.M.D2B.SUREN.DEPOT,2023
30,Gard,2023,1313,https://webstat.banque-france.fr/fr/catalogue/ifi/IFI.M.D30.SUREN.DEPOT,2023
31,Haute-Garonne,2023,2360,https://webstat.banque-france.fr/fr/catalogue/ifi/IFI.M.D31.SUREN.DEPOT,2023
32,Gers,2023,377,https://webstat.banque-france.fr/fr/catalogue/ifi/IFI.M.D32.SUREN.DEPOT,2023
33,Gironde,2023,3148,https://webstat.banque-france.fr/fr/catalogue/ifi/IFI.M.D33.SUREN.DEPOT,2023
34,Hérault,2023,2290,https://webstat.banque-france.fr/fr/catalogue/ifi/IFI.M.D34.SUREN.DEPOT,2023
35,Ille-et-Vilaine,2023,1450,https://webstat.banque-france.fr/fr/catalogue/ifi/IFI.M.D35.SUREN.DEPOT,2023
36,Indre,2023,539,https://webstat.banque-france.fr/fr/catalogue/ifi/IFI.M.D36.SUREN.DEPOT,2023
37,Indre-et-Loire,2023,1185,https://webstat.banque-france.fr/fr/catalogue/ifi/IFI.M.D37.SUREN.DEPOT,2023
38,Isère,2023,1971,https://webstat.banque-france.fr/fr/catalogue/ifi/IFI.M.D38.SUREN.DEPOT,2023
39,Jura,2023,539,https://webstat.banque-france.fr/fr/catalogue/ifi/IFI.M.D39.SUREN.DEPOT,2023
40,Landes,2023,714,https://webstat.banque-france.fr/fr/catalogue/ifi/IFI.M.D40.SUREN.DEPOT,2023
41,Loir-et-Cher,2023,588,https://webstat.banque-france.fr/fr/catalogue/ifi/IFI.M.D41.SUREN.DEPOT,2023
42,Loire,2023,1508,https://webstat.banque-france.fr/fr/catalogue/ifi/IFI.M.D42.SUREN.DEPOT,2023
43,Haute-Loire,2023,421,https://webstat.banque-france.fr/fr/catalogue/ifi/IFI.M.D43.SUREN.DEPOT,2023
44,Loire-Atlantique,2023,1614,https://webstat.banque-france.fr/fr/catalogue/ifi/IFI.M.D44.SUREN.DEPOT,2023
45,Loiret,2023,1446,https://webstat.banque-france.fr/fr/catalogue/ifi/IFI.M.D45.SUREN.DEPOT,2023
46,Lot,2023,339,https://webstat.banque-france.fr/fr/catalogue/ifi/IFI.M.D46.SUREN.DEPOT,2023
47,Lot-et-Garonne,2023,830,https://webstat.banque-france.fr/fr/catalogue/ifi/IFI.M.D47.SUREN.DEPOT,2023
48,Lozère,2023,62,https://webstat.banque-france.fr/fr/catalogue/ifi/IFI.M.D48.SUREN.DEPOT,2023
49,Maine-et-Loire,2023,1130,https://webstat.banque-france.fr/fr/catalogue/ifi/IFI.M.D49.SUREN.DEPOT,2023
50,Manche,2023,823,https://webstat.banque-france.fr/fr/catalogue/ifi/IFI.M.D50.SUREN.DEPOT,2023
51,Marne,2023,1295,https://webstat.banque-france.fr/fr/catalogue/ifi/IFI.M.D51.SUREN.DEPOT,2023
52,Haute-Marne,2023,425,https://webstat.banque-france.fr/fr/catalogue/ifi/IFI.M.D52.SUREN.DEPOT,2023
53,Mayenne,2023,556,https://webstat.banque-france.fr/fr/catalogue/ifi/IFI.M.D53.SUREN.DEPOT,2023
54,Meurthe-et-Moselle,2023,1503,https://webstat.banque-france.fr/fr/catalogue/ifi/IFI.M.D54.SUREN.DEPOT,2023
55,Meuse,2023,360,https://webstat.banque-france.fr/fr/catalogue/ifi/IFI.M.D55.SUREN.DEPOT,2023
56,Morbihan,2023,971,https://webstat.banque-france.fr/fr/catalogue/ifi/IFI.M.D56.SUREN.DEPOT,2023
57,Moselle,2023,1468,https://webstat.banque-france.fr/fr/catalogue/ifi/IFI.M.D57.SUREN.DEPOT,2023
58,Nièvre,2023,573,https://webstat.banque-france.fr/fr/catalogue/ifi/IFI.M.D58.SUREN.DEPOT,2023
59,Nord,2023,7751,https://webstat.banque-france.fr/fr/catalogue/ifi/IFI.M.D59.SUREN.DEPOT,2023
60,Oise,2023,1884,https://webstat.banque-france.fr/fr/catalogue/ifi/IFI.M.D60.SUREN.DEPOT,2023
61,Orne,2023,650,https://webstat.banque-france.fr/fr/catalogue/ifi/IFI.M.D61.SUREN.DEPOT,2023
62,Pas-de-Calais,2023,4854,https://webstat.banque-france.fr/fr/catalogue/ifi/IFI.M.D62.SUREN.DEPOT,2023
63,Puy-de-Dôme,2023,1111,https://webstat.banque-france.fr/fr/catalogue/ifi/IFI.M.D63.SUREN.DEPOT,2023
64,Pyrénées-Atlantiques,2023,1069,https://webstat.banque-france.fr/fr/catalogue/ifi/IFI.M.D64.SUREN.DEPOT,2023
65,Hautes-Pyrénées,2023,404,https://webstat.banque-france.fr/fr/catalogue/ifi/IFI.M.D65.SUREN.DEPOT,2023
66,Pyrénées-Orientales,2023,1121,https://webstat.banque-france.fr/fr/catalogue/ifi/IFI.M.D66.SUREN.DEPOT,2023
67,Bas-Rhin,2023,1555,https://webstat.banque-france.fr/fr/catalogue/ifi/IFI.M.D67.SUREN.DEPOT,2023
68,Haut-Rhin,2023,1309,https://webstat.banque-france.fr/fr/catalogue/ifi/IFI.M.D68.SUREN.DEPOT,2023
69,Rhône,2023,2909,https://webstat.banque-france.fr/fr/catalogue/ifi/IFI.M.D69.SUREN.DEPOT,2023
70,Haute-Saône,2023,466,https://webstat.banque-france.fr/fr/catalogue/ifi/IFI.M.D70.SUREN.DEPOT,2023
71,Saône-et-Loire,2023,1240,https://webstat.banque-france.fr/fr/catalogue/ifi/IFI.M.D71.SUREN.DEPOT,2023
72,Sarthe,2023,1113,https://webstat.banque-france.fr/fr/catalogue/ifi/IFI.M.D72.SUREN.DEPOT,2023
73,Savoie,2023,603,https://webstat.banque-france.fr/fr/catalogue/ifi/IFI.M.D73.SUREN.DEPOT,2023
74,Haute-Savoie,2023,951,https://webstat.banque-france.fr/fr/catalogue/ifi/IFI.M.D74.SUREN.DEPOT,2023
75,Paris,2023,2527,https://webstat.banque-france.fr/fr/catalogue/ifi/IFI.M.D75.SUREN.DEPOT,2023
76,Seine-Maritime,2023,3691,https://webstat.banque-france.fr/fr/catalogue/ifi/IFI.M.D76.SUREN.DEPOT,2023
77,Seine-et-Marne,2023,2523,https://webstat.banque-france.fr/fr/catalogue/ifi/IFI.M.D77.SUREN.DEPOT,2023
78,Yvelines,2023,2338,https://webstat.banque-france.fr/fr/catalogue/ifi/IFI.M.D78.SUREN.DEPOT,2023
79,Deux-Sèvres,2023,693,https://webstat.banque-france.fr/fr/catalogue/ifi/IFI.M.D79.SUREN.DEPOT,2023
80,Somme,2023,1543,https://webstat.banque-france.fr/fr/catalogue/ifi/IFI.M.D80.SUREN.DEPOT,2023
81,Tarn,2023,773,https://webstat.banque-france.fr/fr/catalogue/ifi/IFI.M.D81.SUREN.DEPOT,2023
82,Tarn-et-Garonne,2023,452,https://webstat.banque-france.fr/fr/catalogue/ifi/IFI.M.D82.SUREN.DEPOT,2023
83,Var,2023,2336,https://webstat.banque-france.fr/fr/catalogue/ifi/IFI.M.D83.SUREN.DEPOT,2023
84,Vaucluse,2023,1004,https://webstat.banque-france.fr/fr/catalogue/ifi/IFI.M.D84.SUREN.DEPOT,2023
85,Vendée,2023,882,https://webstat.banque-france.fr/fr/catalogue/ifi/IFI.M.D85.SUREN.DEPOT,2023
86,Vienne,2023,869,https://webstat.banque-france.fr/fr/catalogue/ifi/IFI.M.D86.SUREN.DEPOT,2023
87,Haute-Vienne,2023,746,https://webstat.banque-france.fr/fr/catalogue/ifi/IFI.M.D87.SUREN.DEPOT,2023
88,Vosges,2023,844,https://webstat.banque-france.fr/fr/catalogue/ifi/IFI.M.D88.SUREN.DEPOT,2023
89,Yonne,2023,857,https://webstat.banque-france.fr/fr/catalogue/ifi/IFI.M.D89.SUREN.DEPOT,2023
90,Territoire de Belfort,2023,351,https://webstat.banque-france.fr/fr/catalogue/ifi/IFI.M.D90.SUREN.DEPOT,2023
91,Essonne,2023,2262,https://webstat.banque-france.fr/fr/catalogue/ifi/IFI.M.D91.SUREN.DEPOT,2023
92,Hauts-de-Seine,2023,2039,https://webstat.banque-france.fr/fr/catalogue/ifi/IFI.M.D92.SUREN.DEPOT,2023
93,Seine-Saint-Denis,2023,2693,https://webstat.banque-france.fr/fr/catalogue/ifi/IFI.M.D93.SUREN.DEPOT,2023
94,Val-de-Marne,2023,2099,https://webstat.banque-france.fr/fr/catalogue/ifi/IFI.M.D94.SUREN.DEPOT,2023
95,Val-d'Oise,2023,1898,https://webstat.banque-france.fr/fr/catalogue/ifi/IFI.M.D95.SUREN.DEPOT,2023
01,Ain,2024,1271,https://webstat.banque-france.fr/fr/catalogue/ifi/IFI.M.D01.SUREN.DEPOT,2024
02,Aisne,2024,1968,https://webstat.banque-france.fr/fr/catalogue/ifi/IFI.M.D02.SUREN.DEPOT,2024
03,Allier,2024,946,https://webstat.banque-france.fr/fr/catalogue/ifi/IFI.M.D03.SUREN.DEPOT,2024
04,Alpes-de-Haute-Provence,2024,333,https://webstat.banque-france.fr/fr/catalogue/ifi/IFI.M.D04.SUREN.DEPOT,2024
05,Hautes-Alpes,2024,241,https://webstat.banque-france.fr/fr/catalogue/ifi/IFI.M.D05.SUREN.DEPOT,2024
06,Alpes-Maritimes,2024,2110,https://webstat.banque-france.fr/fr/catalogue/ifi/IFI.M.D06.SUREN.DEPOT,2024
07,Ardèche,2024,494,https://webstat.banque-france.fr/fr/catalogue/ifi/IFI.M.D07.SUREN.DEPOT,2024
08,Ardennes,2024,630,https://webstat.banque-france.fr/fr/catalogue/ifi/IFI.M.D08.SUREN.DEPOT,2024
09,Ariège,2024,336,https://webstat.banque-france.fr/fr/catalogue/ifi/IFI.M.D09.SUREN.DEPOT,2024
10,Aube,2024,709,https://webstat.banque-france.fr/fr/catalogue/ifi/IFI.M.D10.SUREN.DEPOT,2024
11,Aude,2024,926,https://webstat.banque-france.fr/fr/catalogue/ifi/IFI.M.D11.SUREN.DEPOT,2024
12,Aveyron,2024,415,https://webstat.banque-france.fr/fr/catalogue/ifi/IFI.M.D12.SUREN.DEPOT,2024
13,Bouches-du-Rhône,2024,4428,https://webstat.banque-france.fr/fr/catalogue/ifi/IFI.M.D13.SUREN.DEPOT,2024
14,Calvados,2024,1504,https://webstat.banque-france.fr/fr/catalogue/ifi/IFI.M.D14.SUREN.DEPOT,2024
15,Cantal,2024,237,https://webstat.banque-france.fr/fr/catalogue/ifi/IFI.M.D15.SUREN.DEPOT,2024
16,Charente,2024,808,https://webstat.banque-france.fr/fr/catalogue/ifi/IFI.M.D16.SUREN.DEPOT,2024
17,Charente-Maritime,2024,1342,https://webstat.banque-france.fr/fr/catalogue/ifi/IFI.M.D17.SUREN.DEPOT,2024
18,Cher,2024,754,https://webstat.banque-france.fr/fr/catalogue/ifi/IFI.M.D18.SUREN.DEPOT,2024
19,Corrèze,2024,548,https://webstat.banque-france.fr/fr/catalogue/ifi/IFI.M.D19.SUREN.DEPOT,2024
21,Côte-d'Or,2024,1196,https://webstat.banque-france.fr/fr/catalogue/ifi/IFI.M.D21.SUREN.DEPOT,2024
22,Côtes-d'Armor,2024,996,https://webstat.banque-france.fr/fr/catalogue/ifi/IFI.M.D22.SUREN.DEPOT,2024
23,Creuse,2024,360,https://webstat.banque-france.fr/fr/catalogue/ifi/IFI.M.D23.SUREN.DEPOT,2024
24,Dordogne,2024,1013,https://webstat.banque-france.fr/fr/catalogue/ifi/IFI.M.D24.SUREN.DEPOT,2024
25,Doubs,2024,1125,https://webstat.banque-france.fr/fr/catalogue/ifi/IFI.M.D25.SUREN.DEPOT,2024
26,Drôme,2024,999,https://webstat.banque-france.fr/fr/catalogue/ifi/IFI.M.D26.SUREN.DEPOT,2024
27,Eure,2024,1482,https://webstat.banque-france.fr/fr/catalogue/ifi/IFI.M.D27.SUREN.DEPOT,2024
28,Eure-et-Loir,2024,1132,https://webstat.banque-france.fr/fr/catalogue/ifi/IFI.M.D28.SUREN.DEPOT,2024
29,Finistère,2024,1284,https://webstat.banque-france.fr/fr/catalogue/ifi/IFI.M.D29.SUREN.DEPOT,2024
2A,Corse-du-Sud,2024,367,https://webstat.banque-france.fr/fr/catalogue/ifi/IFI.M.D2A.SUREN.DEPOT,2024
2B,Haute-Corse,2024,322,https://webstat.banque-france.fr/fr/catalogue/ifi/IFI.M.D2B.SUREN.DEPOT,2024
30,Gard,2024,1518,https://webstat.banque-france.fr/fr/catalogue/ifi/IFI.M.D30.SUREN.DEPOT,2024
31,Haute-Garonne,2024,2869,https://webstat.banque-france.fr/fr/catalogue/ifi/IFI.M.D31.SUREN.DEPOT,2024
32,Gers,2024,409,https://webstat.banque-france.fr/fr/catalogue/ifi/IFI.M.D32.SUREN.DEPOT,2024
33,Gironde,2024,3585,https://webstat.banque-france.fr/fr/catalogue/ifi/IFI.M.D33.SUREN.DEPOT,2024
34,Hérault,2024,2527,https://webstat.banque-france.fr/fr/catalogue/ifi/IFI.M.D34.SUREN.DEPOT,2024
35,Ille-et-Vilaine,2024,1740,https://webstat.banque-france.fr/fr/catalogue/ifi/IFI.M.D35.SUREN.DEPOT,2024
36,Indre,2024,571,https://webstat.banque-france.fr/fr/catalogue/ifi/IFI.M.D36.SUREN.DEPOT,2024
37,Indre-et-Loire,2024,1303,https://webstat.banque-france.fr/fr/catalogue/ifi/IFI.M.D37.SUREN.DEPOT,2024
38,Isère,2024,2214,https://webstat.banque-france.fr/fr/catalogue/ifi/IFI.M.D38.SUREN.DEPOT,2024
39,Jura,2024,573,https://webstat.banque-france.fr/fr/catalogue/ifi/IFI.M.D39.SUREN.DEPOT,2024
40,Landes,2024,847,https://webstat.banque-france.fr/fr/catalogue/ifi/IFI.M.D40.SUREN.DEPOT,2024
41,Loir-et-Cher,2024,653,https://webstat.banque-france.fr/fr/catalogue/ifi/IFI.M.D41.SUREN.DEPOT,2024
42,Loire,2024,1655,https://webstat.banque-france.fr/fr/catalogue/ifi/IFI.M.D42.SUREN.DEPOT,2024
43,Haute-Loire,2024,389,https://webstat.banque-france.fr/fr/catalogue/ifi/IFI.M.D43.SUREN.DEPOT,2024
44,Loire-Atlantique,2024,1940,https://webstat.banque-france.fr/fr/catalogue/ifi/IFI.M.D44.SUREN.DEPOT,2024
45,Loiret,2024,1583,https://webstat.banque-france.fr/fr/catalogue/ifi/IFI.M.D45.SUREN.DEPOT,2024
46,Lot,2024,353,https://webstat.banque-france.fr/fr/catalogue/ifi/IFI.M.D46.SUREN.DEPOT,2024
47,Lot-et-Garonne,2024,818,https://webstat.banque-france.fr/fr/catalogue/ifi/IFI.M.D47.SUREN.DEPOT,2024
48,Lozère,2024,82,https://webstat.banque-france.fr/fr/catalogue/ifi/IFI.M.D48.SUREN.DEPOT,2024
49,Maine-et-Loire,2024,1270,https://webstat.banque-france.fr/fr/catalogue/ifi/IFI.M.D49.SUREN.DEPOT,2024
50,Manche,2024,971,https://webstat.banque-france.fr/fr/catalogue/ifi/IFI.M.D50.SUREN.DEPOT,2024
51,Marne,2024,1402,https://webstat.banque-france.fr/fr/catalogue/ifi/IFI.M.D51.SUREN.DEPOT,2024
52,Haute-Marne,2024,477,https://webstat.banque-france.fr/fr/catalogue/ifi/IFI.M.D52.SUREN.DEPOT,2024
53,Mayenne,2024,638,https://webstat.banque-france.fr/fr/catalogue/ifi/IFI.M.D53.SUREN.DEPOT,2024
54,Meurthe-et-Moselle,2024,1604,https://webstat.banque-france.fr/fr/catalogue/ifi/IFI.M.D54.SUREN.DEPOT,2024
55,Meuse,2024,415,https://webstat.banque-france.fr/fr/catalogue/ifi/IFI.M.D55.SUREN.DEPOT,2024
56,Morbihan,2024,1157,https://webstat.banque-france.fr/fr/catalogue/ifi/IFI.M.D56.SUREN.DEPOT,2024
57,Moselle,2024,1583,https://webstat.banque-france.fr/fr/catalogue/ifi/IFI.M.D57.SUREN.DEPOT,2024
58,Nièvre,2024,565,https://webstat.banque-france.fr/fr/catalogue/ifi/IFI.M.D58.SUREN.DEPOT,2024
59,Nord,2024,8329,https://webstat.banque-france.fr/fr/catalogue/ifi/IFI.M.D59.SUREN.DEPOT,2024
60,Oise,2024,2032,https://webstat.banque-france.fr/fr/catalogue/ifi/IFI.M.D60.SUREN.DEPOT,2024
61,Orne,2024,714,https://webstat.banque-france.fr/fr/catalogue/ifi/IFI.M.D61.SUREN.DEPOT,2024
62,Pas-de-Calais,2024,5433,https://webstat.banque-france.fr/fr/catalogue/ifi/IFI.M.D62.SUREN.DEPOT,2024
63,Puy-de-Dôme,2024,1216,https://webstat.banque-france.fr/fr/catalogue/ifi/IFI.M.D63.SUREN.DEPOT,2024
64,Pyrénées-Atlantiques,2024,1195,https://webstat.banque-france.fr/fr/catalogue/ifi/IFI.M.D64.SUREN.DEPOT,2024
65,Hautes-Pyrénées,2024,491,https://webstat.banque-france.fr/fr/catalogue/ifi/IFI.M.D65.SUREN.DEPOT,2024
66,Pyrénées-Orientales,2024,1251,https://webstat.banque-france.fr/fr/catalogue/ifi/IFI.M.D66.SUREN.DEPOT,2024
67,Bas-Rhin,2024,1763,https://webstat.banque-france.fr/fr/catalogue/ifi/IFI.M.D67.SUREN.DEPOT,2024
68,Haut-Rhin,2024,1518,https://webstat.banque-france.fr/fr/catalogue/ifi/IFI.M.D68.SUREN.DEPOT,2024
69,Rhône,2024,3312,https://webstat.banque-france.fr/fr/catalogue/ifi/IFI.M.D69.SUREN.DEPOT,2024
70,Haute-Saône,2024,573,https://webstat.banque-france.fr/fr/catalogue/ifi/IFI.M.D70.SUREN.DEPOT,2024
71,Saône-et-Loire,2024,1260,https://webstat.banque-france.fr/fr/catalogue/ifi/IFI.M.D71.SUREN.DEPOT,2024
72,Sarthe,2024,1270,https://webstat.banque-france.fr/fr/catalogue/ifi/IFI.M.D72.SUREN.DEPOT,2024
73,Savoie,2024,644,https://webstat.banque-france.fr/fr/catalogue/ifi/IFI.M.D73.SUREN.DEPOT,2024
74,Haute-Savoie,2024,1075,https://webstat.banque-france.fr/fr/catalogue/ifi/IFI.M.D74.SUREN.DEPOT,2024
75,Paris,2024,2821,https://webstat.banque-france.fr/fr/catalogue/ifi/IFI.M.D75.SUREN.DEPOT,2024
76,Seine-Maritime,2024,3839,https://webstat.banque-france.fr/fr/catalogue/ifi/IFI.M.D76.SUREN.DEPOT,2024
77,Seine-et-Marne,2024,2774,https://webstat.banque-france.fr/fr/catalogue/ifi/IFI.M.D77.SUREN.DEPOT,2024
78,Yvelines,2024,2498,https://webstat.banque-france.fr/fr/catalogue/ifi/IFI.M.D78.SUREN.DEPOT,2024
79,Deux-Sèvres,2024,718,https://webstat.banque-france.fr/fr/catalogue/ifi/IFI.M.D79.SUREN.DEPOT,2024
80,Somme,2024,1673,https://webstat.banque-france.fr/fr/catalogue/ifi/IFI.M.D80.SUREN.DEPOT,2024
81,Tarn,2024,831,https://webstat.banque-france.fr/fr/catalogue/ifi/IFI.M.D81.SUREN.DEPOT,2024
82,Tarn-et-Garonne,2024,470,https://webstat.banque-france.fr/fr/catalogue/ifi/IFI.M.D82.SUREN.DEPOT,2024
83,Var,2024,2678,https://webstat.banque-france.fr/fr/catalogue/ifi/IFI.M.D83.SUREN.DEPOT,2024
84,Vaucluse,2024,1165,https://webstat.banque-france.fr/fr/catalogue/ifi/IFI.M.D84.SUREN.DEPOT,2024
85,Vendée,2024,1088,https://webstat.banque-france.fr/fr/catalogue/ifi/IFI.M.D85.SUREN.DEPOT,2024
86,Vienne,2024,973,https://webstat.banque-france.fr/fr/catalogue/ifi/IFI.M.D86.SUREN.DEPOT,2024
87,Haute-Vienne,2024,808,https://webstat.banque-france.fr/fr/catalogue/ifi/IFI.M.D87.SUREN.DEPOT,2024
88,Vosges,2024,932,https://webstat.banque-france.fr/fr/catalogue/ifi/IFI.M.D88.SUREN.DEPOT,2024
89,Yonne,2024,919,https://webstat.banque-france.fr/fr/catalogue/ifi/IFI.M.D89.SUREN.DEPOT,2024
90,Territoire de Belfort,2024,360,https://webstat.banque-france.fr/fr/catalogue/ifi/IFI.M.D90.SUREN.DEPOT,2024
91,Essonne,2024,2464,https://webstat.banque-france.fr/fr/catalogue/ifi/IFI.M.D91.SUREN.DEPOT,2024
92,Hauts-de-Seine,2024,2272,https://webstat.banque-france.fr/fr/catalogue/ifi/IFI.M.D92.SUREN.DEPOT,2024
93,Seine-Saint-Denis,2024,2941,https://webstat.banque-france.fr/fr/catalogue/ifi/IFI.M.D93.SUREN.DEPOT,2024
94,Val-de-Marne,2024,2361,https://webstat.banque-france.fr/fr/catalogue/ifi/IFI.M.D94.SUREN.DEPOT,2024
95,Val-d'Oise,2024,2159,https://webstat.banque-france.fr/fr/catalogue/ifi/IFI.M.D95.SUREN.DEPOT,2024
